x_value,total_1,total_2
0,1000,1000
1,1008,995
2,1004,995
3,1009,998
4,1008,993
5,1015,988
6,1009,988
7,1004,990
8,1007,988
9,1007,983
10,1002,978
11,996,982
12,997,979
13,991,978
14,998,981
15,998,979
16,997,977
17,1000,975
18,995,972
19,999,972
20,1005,968
21,1013,971
22,1017,975
23,1020,979
24,1027,976
25,1035,981
26,1033,981
27,1040,983
28,1034,983
29,1032,984
30,1028,979
31,1031,974
32,1025,972
33,1030,973
34,1033,969
35,1040,971
36,1036,967
37,1042,964
38,1042,969
39,1048,974
40,1050,970
41,1058,965
42,1063,965
43,1071,971
44,1069,974
45,1075,978
46,1077,984
47,1080,989
48,1086,989
49,1087,986
50,1083,983
51,1081,989
52,1075,995
53,1071,1001
54,1077,1007
55,1081,1004
56,1089,1007
57,1087,1012
58,1094,1014
59,1096,1019
60,1100,1014
61,1102,1011
62,1109,1007
63,1112,1013
64,1120,1008
65,1118,1014
66,1115,1011
67,1122,1010
68,1118,1009
69,1118,1012
70,1123,1012
71,1117,1017
72,1111,1012
73,1110,1018
74,1104,1013
75,1108,1014
76,1109,1010
77,1113,1016
78,1109,1014
79,1106,1015
80,1102,1014
81,1098,1009
82,1103,1010
83,1103,1014
84,1109,1015
85,1107,1020
86,1112,1021
87,1107,1020
88,1105,1016
89,1101,1013
90,1096,1013
91,1094,1018
92,1100,1020
93,1100,1016
94,1098,1016
95,1106,1012
96,1105,1012
97,1100,1017
98,1100,1022
99,1107,1017
100,1103,1016
101,1103,1019
102,1107,1015
103,1115,1013
104,1117,1012
105,1123,1008
106,1130,1009
107,1136,1009
108,1132,1008
109,1138,1006
110,1140,1012
111,1141,1010
112,1139,1007
113,1142,1002
114,1146,997
115,1143,1003
116,1141,999
117,1149,998
118,1147,999
119,1150,999
120,1153,998
121,1161,996
122,1155,991
123,1151,994
124,1145,996
125,1144,994
126,1151,990
127,1155,996
128,1160,991
129,1156,989
130,1156,984
131,1157,980
132,1165,977
133,1163,981
134,1169,984
135,1175,987
136,1173,988
137,1169,983
138,1164,980
139,1164,985
140,1167,986
141,1165,988
142,1173,990
143,1172,996
144,1176,999
145,1179,995
146,1186,995
147,1187,1001
148,1182,997
149,1176,992
150,1184,990
151,1187,993
152,1184,995
153,1190,997
154,1189,1001
155,1197,999
156,1204,1002
157,1211,1007
158,1213,1007
159,1211,1013
160,1218,1011
161,1226,1007
162,1220,1007
163,1223,1007
164,1219,1006
165,1222,1003
166,1217,1006
167,1219,1012
168,1220,1018
169,1223,1024
170,1218,1021
171,1217,1022
172,1216,1025
173,1223,1020
174,1225,1026
175,1227,1031
176,1227,1031
177,1229,1037
178,1231,1037
179,1230,1037
180,1231,1042
181,1233,1040
182,1231,1045
183,1226,1051
184,1231,1050
185,1229,1052
186,1225,1047
187,1232,1049
188,1227,1053
189,1224,1048
190,1227,1043
191,1227,1038
192,1226,1034
193,1234,1034
194,1238,1029
195,1241,1024
196,1236,1020
197,1242,1024
198,1238,1030
199,1232,1025
200,1234,1020
201,1234,1018
202,1238,1018
203,1246,1014
204,1243,1016
205,1243,1022
206,1243,1027
207,1240,1028
208,1243,1030
209,1243,1034
210,1242,1030
211,1243,1033
212,1250,1037
213,1258,1042
214,1263,1042
215,1257,1037
216,1265,1040
217,1270,1038
218,1271,1039
219,1278,1043
220,1285,1046
221,1285,1049
222,1281,1047
223,1287,1053
224,1282,1058
225,1289,1056
226,1297,1054
227,1301,1050
228,1309,1045
229,1315,1041
230,1311,1047
231,1318,1050
232,1317,1051
233,1314,1057
234,1308,1055
235,1308,1053
236,1302,1055
237,1296,1057
238,1299,1061
239,1299,1067
240,1293,1062
241,1288,1059
242,1289,1063
243,1292,1064
244,1295,1068
245,1297,1072
246,1303,1069
247,1303,1067
248,1307,1070
249,1310,1065
250,1308,1062
251,1307,1065
252,1303,1067
253,1304,1064
254,1310,1068
255,1315,1071
256,1317,1067
257,1320,1072
258,1327,1075
259,1327,1073
260,1334,1075
261,1332,1075
262,1338,1072
263,1346,1076
264,1349,1074
265,1353,1077
266,1352,1075
267,1357,1077
268,1356,1080
269,1353,1076
270,1354,1081
271,1352,1087
272,1354,1087
273,1348,1088
274,1349,1087
275,1350,1083
276,1348,1080
277,1353,1079
278,1351,1083
279,1358,1078
280,1353,1079
281,1360,1076
282,1357,1079
283,1364,1084
284,1372,1084
285,1377,1089
286,1379,1089
287,1381,1091
288,1383,1093
289,1391,1089
290,1392,1089
291,1397,1095
292,1393,1097
293,1401,1102
294,1404,1103
295,1402,1100
296,1405,1097
297,1411,1102
298,1411,1108
299,1416,1113
300,1410,1113
301,1412,1108
302,1411,1114
303,1405,1112
304,1400,1113
305,1404,1114
306,1408,1118
307,1416,1122
308,1419,1127
309,1419,1126
310,1423,1131
311,1427,1130
312,1434,1129
313,1435,1130
314,1440,1131
315,1447,1127
316,1450,1122
317,1453,1128
318,1461,1125
319,1469,1131
320,1474,1126
321,1468,1131
322,1475,1129
323,1482,1125
324,1481,1129
325,1476,1131
326,1475,1130
327,1483,1134
328,1478,1130
329,1479,1132
330,1487,1137
331,1491,1134
332,1491,1136
333,1495,1141
334,1500,1146
335,1495,1144
336,1489,1145
337,1488,1147
338,1490,1151
339,1495,1153
340,1493,1148
341,1494,1154
342,1497,1159
343,1498,1160
344,1500,1163
345,1500,1159
346,1499,1164
347,1500,1170
348,1506,1171
349,1509,1169
350,1512,1168
351,1506,1164
352,1509,1166
353,1509,1163
354,1509,1167
355,1507,1173
356,1512,1170
357,1515,1167
358,1522,1162
359,1525,1162
360,1531,1158
361,1534,1155
362,1539,1159
363,1541,1154
364,1536,1151
365,1536,1151
366,1543,1156
367,1537,1153
368,1535,1148
369,1536,1146
370,1541,1147
371,1539,1151
372,1534,1156
373,1541,1152
374,1541,1150
375,1535,1152
376,1534,1156
377,1539,1160
378,1537,1157
379,1534,1161
380,1538,1158
381,1540,1155
382,1545,1160
383,1552,1155
384,1559,1156
385,1562,1162
386,1570,1168
387,1570,1164
388,1572,1168
389,1577,1174
390,1571,1180
391,1568,1183
392,1576,1182
393,1576,1179
394,1581,1182
395,1588,1185
396,1596,1184
397,1594,1182
398,1592,1183
399,1597,1186
400,1600,1183
401,1597,1182
402,1600,1186
403,1599,1189
404,1600,1194
405,1597,1197
406,1605,1194
407,1601,1197
408,1604,1192
409,1606,1187
410,1613,1191
411,1621,1194
412,1623,1193
413,1630,1188
414,1624,1189
415,1619,1188
416,1615,1192
417,1620,1188
418,1615,1190
419,1614,1188
420,1622,1190
421,1624,1185
422,1623,1190
423,1630,1192
424,1626,1192
425,1630,1193
426,1635,1192
427,1632,1195
428,1630,1195
429,1629,1201
430,1631,1196
431,1625,1200
432,1623,1198
433,1617,1198
434,1622,1198
435,1621,1203
436,1617,1201
437,1621,1204
438,1626,1202
439,1625,1201
440,1622,1199
441,1621,1197
442,1623,1194
443,1619,1190
444,1615,1195
445,1622,1198
446,1626,1198
447,1626,1204
448,1630,1199
449,1634,1196
450,1639,1191
451,1636,1188
452,1634,1192
453,1634,1197
454,1629,1193
455,1627,1190
456,1624,1191
457,1631,1195
458,1634,1190
459,1638,1196
460,1643,1201
461,1644,1198
462,1642,1203
463,1638,1203
464,1642,1199
465,1640,1195
466,1646,1193
467,1645,1196
468,1643,1192
469,1639,1189
470,1644,1191
471,1648,1189
472,1645,1195
473,1640,1197
474,1648,1198
475,1644,1195
476,1647,1200
477,1646,1202
478,1642,1204
479,1648,1209
480,1656,1206
481,1650,1211
482,1655,1208
483,1657,1206
484,1662,1204
485,1669,1208
486,1666,1214
487,1673,1215
488,1669,1219
489,1671,1219
490,1678,1214
491,1680,1212
492,1677,1217
493,1677,1217
494,1672,1223
495,1668,1229
496,1669,1232
497,1663,1234
498,1658,1231
499,1663,1228
500,1661,1231
501,1665,1233
502,1662,1228
503,1665,1232
504,1659,1232
505,1665,1237
506,1664,1232
507,1664,1232
508,1660,1234
509,1660,1235
510,1660,1234
511,1657,1239
512,1663,1234
513,1659,1232
514,1663,1233
515,1666,1236
516,1663,1234
517,1669,1236
518,1667,1241
519,1672,1245
520,1670,1242
521,1667,1242
522,1670,1242
523,1674,1237
524,1678,1243
525,1680,1240
526,1686,1235
527,1692,1238
528,1690,1233
529,1685,1234
530,1692,1238
531,1690,1239
532,1698,1242
533,1705,1240
534,1705,1244
535,1705,1250
536,1701,1256
537,1709,1260
538,1712,1260
539,1706,1258
540,1708,1259
541,1714,1265
542,1717,1263
543,1721,1258
544,1729,1259
545,1728,1259
546,1725,1265
547,1732,1261
548,1739,1262
549,1738,1261
550,1735,1258
551,1740,1264
552,1737,1264
553,1738,1265
554,1746,1264
555,1743,1265
556,1742,1262
557,1750,1264
558,1748,1260
559,1745,1265
560,1746,1268
561,1743,1264
562,1738,1269
563,1735,1268
564,1729,1274
565,1726,1269
566,1733,1264
567,1732,1264
568,1729,1264
569,1733,1262
570,1739,1267
571,1744,1272
572,1751,1272
573,1747,1277
574,1742,1281
575,1746,1286
576,1750,1288
577,1756,1291
578,1759,1292
579,1763,1288
580,1768,1288
581,1771,1291
582,1775,1290
583,1780,1295
584,1779,1294
585,1783,1300
586,1777,1296
587,1777,1296
588,1785,1291
589,1784,1294
590,1779,1292
591,1782,1287
592,1788,1292
593,1792,1290
594,1798,1294
595,1798,1300
596,1800,1298
597,1804,1304
598,1799,1299
599,1798,1298
600,1792,1301
601,1795,1305
602,1802,1311
603,1800,1308
604,1798,1305
605,1798,1309
606,1806,1305
607,1805,1306
608,1812,1310
609,1806,1310
610,1804,1310
611,1807,1310
612,1815,1309
613,1809,1309
614,1816,1310
615,1815,1316
616,1813,1312
617,1812,1310
618,1811,1309
619,1810,1311
620,1806,1314
621,1806,1320
622,1804,1319
623,1802,1314
624,1807,1313
625,1808,1312
626,1810,1313
627,1814,1310
628,1811,1307
629,1814,1308
630,1821,1312
631,1825,1308
632,1828,1304
633,1832,1305
634,1836,1304
635,1830,1310
636,1829,1315
637,1833,1310
638,1835,1306
639,1832,1312
640,1833,1309
641,1834,1310
642,1829,1305
643,1836,1307
644,1844,1308
645,1845,1313
646,1851,1312
647,1845,1317
648,1841,1320
649,1845,1322
650,1841,1319
651,1840,1315
652,1835,1316
653,1843,1317
654,1843,1313
655,1839,1315
656,1842,1310
657,1849,1314
658,1845,1310
659,1853,1305
660,1851,1306
661,1855,1304
662,1852,1305
663,1860,1310
664,1861,1306
665,1867,1311
666,1870,1315
667,1873,1319
668,1878,1321
669,1880,1320
670,1882,1322
671,1890,1322
672,1898,1325
673,1895,1328
674,1892,1324
675,1891,1320
676,1897,1322
677,1901,1328
678,1895,1331
679,1889,1329
680,1887,1326
681,1888,1321
682,1890,1316
683,1898,1320
684,1902,1317
685,1906,1320
686,1900,1324
687,1898,1330
688,1904,1332
689,1898,1336
690,1897,1331
691,1898,1332
692,1900,1327
693,1902,1331
694,1902,1328
695,1909,1327
696,1914,1326
697,1918,1332
698,1926,1336
699,1933,1336
700,1938,1340
701,1943,1341
702,1941,1345
703,1949,1340
704,1950,1346
705,1953,1348
706,1958,1347
707,1963,1352
708,1966,1357
709,1967,1360
710,1970,1366
711,1978,1369
712,1972,1367
713,1972,1364
714,1980,1369
715,1974,1367
716,1974,1363
717,1976,1369
718,1979,1364
719,1977,1369
720,1977,1371
721,1980,1371
722,1986,1368
723,1992,1366
724,1988,1363
725,1986,1368
726,1990,1373
727,1995,1379
728,1991,1385
729,1988,1389
730,1994,1395
731,1990,1398
732,1985,1393
733,1982,1397
734,1978,1396
735,1983,1392
736,1979,1389
737,1977,1390
738,1977,1386
739,1973,1391
740,1975,1396
741,1978,1402
742,1984,1405
743,1982,1408
744,1977,1407
745,1975,1407
746,1979,1407
747,1985,1402
748,1986,1408
749,1994,1411
750,1990,1416
751,1997,1414
752,2005,1410
753,2009,1411
754,2011,1414
755,2019,1414
756,2018,1412
757,2017,1413
758,2014,1415
759,2009,1418
760,2011,1417
761,2009,1419
762,2007,1419
763,2014,1414
764,2014,1419
765,2013,1415
766,2008,1421
767,2005,1423
768,1999,1423
769,2007,1421
770,2014,1424
771,2011,1423
772,2011,1422
773,2006,1417
774,2005,1419
775,2005,1417
776,2011,1419
777,2017,1420
778,2013,1424
779,2014,1420
780,2017,1425
781,2015,1427
782,2016,1430
783,2022,1430
784,2017,1426
785,2022,1421
786,2020,1423
787,2020,1428
788,2026,1431
789,2026,1434
790,2027,1433
791,2029,1436
792,2036,1436
793,2044,1441
794,2047,1442
795,2045,1438
796,2039,1435
797,2047,1435
798,2041,1430
799,2046,1430
800,2041,1431
801,2037,1426
802,2041,1422
803,2036,1419
804,2036,1418
805,2036,1413
806,2031,1416
807,2027,1413
808,2023,1418
809,2027,1424
810,2021,1420
811,2026,1415
812,2024,1413
813,2026,1419
814,2032,1418
815,2035,1424
816,2037,1420
817,2038,1425
818,2045,1420
819,2042,1417
820,2048,1413
821,2045,1415
822,2044,1417
823,2044,1414
824,2047,1415
825,2055,1412
826,2050,1407
827,2053,1406
828,2059,1401
829,2057,1397
830,2051,1399
831,2055,1397
832,2054,1397
833,2056,1403
834,2057,1400
835,2064,1402
836,2058,1400
837,2056,1400
838,2056,1400
839,2059,1406
840,2064,1408
841,2063,1410
842,2064,1409
843,2072,1406
844,2080,1408
845,2083,1404
846,2091,1399
847,2086,1395
848,2081,1392
849,2088,1391
850,2095,1394
851,2099,1398
852,2095,1394
853,2103,1398
854,2106,1397
855,2108,1394
856,2115,1393
857,2113,1388
858,2119,1385
859,2125,1388
860,2125,1388
861,2130,1383
862,2136,1381
863,2130,1381
864,2136,1386
865,2133,1381
866,2130,1380
867,2136,1377
868,2142,1383
869,2140,1386
870,2144,1392
871,2147,1392
872,2153,1393
873,2147,1395
874,2143,1400
875,2137,1398
876,2136,1402
877,2134,1399
878,2142,1399
879,2149,1403
880,2154,1407
881,2155,1404
882,2160,1409
883,2159,1414
884,2163,1413
885,2165,1410
886,2160,1409
887,2163,1412
888,2169,1415
889,2173,1415
890,2178,1417
891,2173,1421
892,2167,1424
893,2174,1426
894,2174,1422
895,2177,1418
896,2179,1423
897,2176,1418
898,2183,1414
899,2178,1409
900,2174,1413
901,2172,1411
902,2173,1406
903,2180,1408
904,2186,1405
905,2182,1403
906,2190,1406
907,2187,1406
908,2183,1405
909,2178,1407
910,2178,1404
911,2174,1406
912,2176,1409
913,2179,1414
914,2176,1413
915,2183,1418
916,2190,1422
917,2194,1419
918,2197,1417
919,2201,1422
920,2204,1426
921,2206,1426
922,2206,1427
923,2208,1425
924,2202,1424
925,2197,1425
926,2194,1431
927,2195,1435
928,2199,1440
929,2194,1437
930,2189,1435
931,2183,1437
932,2186,1443
933,2192,1446
934,2192,1444
935,2200,1450
936,2195,1448
937,2192,1446
938,2190,1445
939,2191,1444
940,2194,1449
941,2189,1448
942,2197,1453
943,2201,1453
944,2205,1457
945,2210,1456
946,2216,1459
947,2218,1461
948,2222,1465
949,2219,1467
950,2223,1472
951,2219,1473
952,2219,1469
953,2220,1475
954,2223,1474
955,2226,1478
956,2228,1474
957,2229,1475
958,2223,1476
959,2221,1482
960,2216,1480
961,2220,1483
962,2226,1479
963,2225,1477
964,2229,1474
965,2229,1469
966,2227,1464
967,2232,1468
968,2230,1470
969,2229,1473
970,2224,1479
971,2231,1476
972,2238,1482
973,2236,1488
974,2236,1494
975,2233,1489
976,2236,1493
977,2234,1490
978,2231,1493
979,2238,1498
980,2235,1494
981,2236,1494
982,2234,1498
983,2233,1501
984,2233,1507
985,2235,1510
986,2233,1511
987,2238,1509
988,2246,1512
989,2246,1507
990,2252,1513
991,2260,1509
992,2263,1514
993,2269,1516
994,2276,1513
995,2273,1512
996,2269,1513
997,2263,1515
998,2263,1520
999,2263,1517
1000,2263,1517
1001,2262,1522
1002,2270,1523
1003,2278,1520
1004,2278,1517
1005,2282,1518
1006,2285,1518
1007,2292,1519
1008,2288,1516
1009,2286,1522
1010,2293,1517
1011,2299,1520
1012,2301,1520
1013,2300,1521
1014,2297,1519
1015,2305,1514
1016,2302,1509
1017,2299,1507
1018,2295,1513
1019,2289,1511
1020,2291,1514
1021,2285,1511
1022,2287,1507
1023,2282,1510
1024,2285,1506
1025,2287,1509
1026,2283,1510
1027,2282,1507
1028,2289,1512
1029,2285,1507
1030,2292,1512
1031,2286,1517
1032,2290,1513
1033,2289,1517
1034,2284,1518
1035,2285,1520
1036,2289,1521
1037,2290,1522
1038,2288,1528
1039,2294,1524
1040,2299,1520
1041,2300,1525
1042,2298,1529
1043,2297,1526
1044,2302,1530
1045,2302,1528
1046,2309,1529
1047,2317,1531
1048,2324,1529
1049,2320,1525
1050,2324,1525
1051,2318,1522
1052,2323,1528
1053,2325,1526
1054,2329,1524
1055,2328,1528
1056,2322,1534
1057,2330,1536
1058,2329,1542
1059,2330,1548
1060,2328,1552
1061,2333,1547
1062,2338,1547
1063,2336,1550
1064,2341,1554
1065,2336,1558
1066,2344,1555
1067,2350,1553
1068,2349,1556
1069,2355,1558
1070,2357,1563
1071,2355,1568
1072,2351,1573
1073,2348,1574
1074,2349,1571
1075,2350,1572
1076,2350,1573
1077,2351,1574
1078,2347,1575
1079,2353,1574
1080,2350,1577
1081,2357,1583
1082,2362,1586
1083,2356,1583
1084,2358,1578
1085,2356,1579
1086,2354,1584
1087,2349,1579
1088,2344,1581
1089,2348,1578
1090,2352,1584
1091,2359,1585
1092,2353,1589
1093,2350,1591
1094,2353,1592
1095,2348,1593
1096,2345,1599
1097,2339,1594
1098,2341,1599
1099,2345,1595
1100,2342,1594
1101,2343,1598
1102,2338,1602
1103,2334,1608
1104,2334,1609
1105,2329,1606
1106,2335,1603
1107,2341,1602
1108,2338,1599
1109,2339,1599
1110,2333,1596
1111,2340,1602
1112,2346,1602
1113,2351,1601
1114,2349,1602
1115,2343,1600
1116,2340,1601
1117,2341,1596
1118,2344,1602
1119,2349,1607
1120,2345,1612
1121,2352,1613
1122,2358,1614
1123,2359,1618
1124,2363,1614
1125,2358,1613
1126,2352,1613
1127,2360,1618
1128,2364,1618
1129,2363,1619
1130,2370,1624
1131,2373,1620
1132,2376,1621
1133,2384,1621
1134,2389,1616
1135,2396,1618
1136,2401,1622
1137,2403,1617
1138,2401,1616
1139,2407,1618
1140,2401,1621
1141,2396,1620
1142,2401,1617
1143,2408,1613
1144,2416,1611
1145,2424,1609
1146,2432,1610
1147,2438,1611
1148,2436,1616
1149,2433,1619
1150,2439,1619
1151,2441,1619
1152,2437,1619
1153,2431,1623
1154,2434,1618
1155,2435,1619
1156,2443,1616
1157,2445,1616
1158,2444,1612
1159,2441,1617
1160,2435,1615
1161,2429,1616
1162,2423,1611
1163,2429,1611
1164,2434,1613
1165,2440,1610
1166,2439,1605
1167,2438,1609
1168,2432,1613
1169,2440,1611
1170,2441,1612
1171,2444,1610
1172,2450,1606
1173,2452,1605
1174,2453,1604
1175,2453,1610
1176,2458,1606
1177,2459,1606
1178,2458,1605
1179,2460,1602
1180,2459,1603
1181,2462,1598
1182,2458,1594
1183,2453,1594
1184,2448,1590
1185,2442,1589
1186,2442,1588
1187,2445,1584
1188,2449,1587
1189,2450,1588
1190,2444,1587
1191,2448,1582
1192,2445,1577
1193,2452,1583
1194,2459,1578
1195,2466,1582
1196,2463,1581
1197,2460,1584
1198,2467,1586
1199,2464,1586
1200,2460,1592
1201,2465,1596
1202,2459,1594
1203,2461,1598
1204,2458,1601
1205,2454,1601
1206,2450,1597
1207,2453,1599
1208,2447,1594
1209,2447,1598
1210,2446,1595
1211,2445,1592
1212,2449,1594
1213,2454,1600
1214,2460,1595
1215,2455,1593
1216,2456,1597
1217,2462,1602
1218,2466,1604
1219,2470,1609
1220,2466,1612
1221,2461,1608
1222,2459,1604
1223,2462,1599
1224,2462,1601
1225,2464,1600
1226,2465,1602
1227,2471,1601
1228,2466,1596
1229,2473,1594
1230,2481,1593
1231,2488,1589
1232,2490,1595
1233,2498,1590
1234,2505,1594
1235,2512,1599
1236,2512,1603
1237,2511,1609
1238,2515,1605
1239,2511,1611
1240,2511,1612
1241,2517,1618
1242,2520,1623
1243,2521,1620
1244,2519,1625
1245,2527,1622
1246,2535,1618
1247,2535,1616
1248,2538,1621
1249,2539,1624
1250,2539,1626
1251,2538,1628
1252,2533,1632
1253,2531,1629
1254,2535,1626
1255,2538,1630
1256,2541,1626
1257,2537,1627
1258,2537,1630
1259,2531,1636
1260,2526,1632
1261,2533,1634
1262,2538,1632
1263,2544,1630
1264,2546,1626
1265,2553,1623
1266,2547,1618
1267,2555,1616
1268,2554,1621
1269,2556,1616
1270,2560,1614
1271,2566,1611
1272,2572,1606
1273,2578,1602
1274,2575,1599
1275,2574,1604
1276,2568,1608
1277,2572,1609
1278,2569,1604
1279,2568,1601
1280,2565,1606
1281,2568,1610
1282,2567,1614
1283,2572,1610
1284,2574,1606
1285,2577,1604
1286,2583,1599
1287,2587,1604
1288,2592,1601
1289,2595,1598
1290,2591,1595
1291,2593,1598
1292,2593,1594
1293,2587,1596
1294,2594,1593
1295,2598,1597
1296,2598,1601
1297,2601,1604
1298,2603,1605
1299,2602,1605
1300,2596,1611
1301,2591,1611
1302,2595,1613
1303,2603,1613
1304,2607,1615
1305,2613,1621
1306,2609,1622
1307,2614,1617
1308,2619,1613
1309,2626,1608
1310,2633,1603
1311,2630,1608
1312,2631,1603
1313,2639,1600
1314,2645,1595
1315,2642,1595
1316,2647,1592
1317,2643,1596
1318,2638,1600
1319,2640,1606
1320,2648,1609
1321,2643,1614
1322,2642,1612
1323,2650,1617
1324,2654,1618
1325,2648,1616
1326,2643,1614
1327,2643,1616
1328,2650,1613
1329,2654,1619
1330,2661,1621
1331,2666,1627
1332,2661,1625
1333,2667,1628
1334,2662,1623
1335,2659,1618
1336,2659,1622
1337,2654,1617
1338,2650,1617
1339,2657,1612
1340,2664,1608
1341,2662,1608
1342,2665,1607
1343,2661,1605
1344,2667,1600
1345,2669,1602
1346,2669,1599
1347,2666,1598
1348,2668,1600
1349,2672,1596
1350,2671,1600
1351,2665,1596
1352,2665,1599
1353,2662,1602
1354,2669,1602
1355,2671,1603
1356,2669,1604
1357,2677,1605
1358,2677,1604
1359,2683,1603
1360,2685,1607
1361,2690,1606
1362,2689,1603
1363,2694,1598
1364,2695,1597
1365,2692,1602
1366,2688,1605
1367,2694,1609
1368,2700,1614
1369,2699,1610
1370,2695,1609
1371,2698,1604
1372,2692,1606
1373,2691,1602
1374,2689,1605
1375,2688,1602
1376,2689,1603
1377,2694,1601
1378,2700,1597
1379,2707,1599
1380,2712,1605
1381,2717,1603
1382,2715,1605
1383,2716,1611
1384,2719,1611
1385,2713,1617
1386,2717,1613
1387,2720,1616
1388,2714,1620
1389,2718,1618
1390,2722,1619
1391,2724,1624
1392,2727,1621
1393,2730,1624
1394,2727,1628
1395,2732,1625
1396,2739,1631
1397,2733,1629
1398,2728,1628
1399,2722,1630
1400,2727,1635
1401,2726,1632
1402,2720,1632
1403,2723,1629
1404,2722,1625
1405,2725,1627
1406,2720,1628
1407,2722,1630
1408,2729,1632
1409,2728,1634
1410,2730,1635
1411,2736,1637
1412,2730,1636
1413,2728,1641
1414,2730,1637
1415,2736,1642
1416,2737,1638
1417,2739,1634
1418,2743,1638
1419,2750,1638
1420,2745,1644
1421,2739,1650
1422,2745,1646
1423,2746,1651
1424,2747,1652
1425,2752,1657
1426,2750,1661
1427,2748,1659
1428,2756,1663
1429,2753,1668
1430,2753,1664
1431,2756,1668
1432,2757,1673
1433,2763,1675
1434,2771,1680
1435,2771,1675
1436,2769,1674
1437,2771,1669
1438,2772,1666
1439,2779,1662
1440,2773,1663
1441,2778,1659
1442,2784,1658
1443,2782,1659
1444,2788,1665
1445,2784,1663
1446,2779,1667
1447,2781,1665
1448,2775,1661
1449,2773,1661
1450,2778,1660
1451,2785,1662
1452,2789,1661
1453,2796,1659
1454,2802,1663
1455,2799,1661
1456,2802,1660
1457,2808,1666
1458,2813,1670
1459,2817,1669
1460,2819,1670
1461,2822,1666
1462,2823,1669
1463,2817,1673
1464,2811,1668
1465,2813,1674
1466,2813,1679
1467,2816,1684
1468,2812,1688
1469,2820,1684
1470,2818,1681
1471,2823,1684
1472,2825,1680
1473,2833,1680
1474,2834,1679
1475,2837,1682
1476,2838,1680
1477,2832,1675
1478,2832,1679
1479,2828,1683
1480,2834,1682
1481,2835,1686
1482,2833,1683
1483,2839,1685
1484,2845,1680
1485,2840,1679
1486,2838,1678
1487,2834,1675
1488,2841,1671
1489,2835,1672
1490,2832,1676
1491,2829,1674
1492,2826,1671
1493,2831,1669
1494,2832,1671
1495,2838,1668
1496,2837,1670
1497,2845,1671
1498,2851,1676
1499,2848,1675
1500,2849,1676
1501,2848,1672
1502,2852,1670
1503,2857,1668
1504,2854,1665
1505,2850,1667
1506,2851,1666
1507,2853,1669
1508,2851,1674
1509,2856,1673
1510,2863,1675
1511,2867,1673
1512,2862,1676
1513,2867,1682
1514,2872,1688
1515,2877,1690
1516,2876,1685
1517,2883,1685
1518,2890,1687
1519,2898,1687
1520,2897,1690
1521,2903,1696
1522,2899,1699
1523,2906,1705
1524,2903,1708
1525,2902,1705
1526,2910,1711
1527,2917,1707
1528,2921,1703
1529,2927,1701
1530,2931,1705
1531,2931,1705
1532,2939,1705
1533,2940,1701
1534,2940,1703
1535,2937,1708
1536,2934,1707
1537,2938,1704
1538,2942,1707
1539,2942,1713
1540,2940,1717
1541,2936,1721
1542,2930,1725
1543,2924,1725
1544,2923,1727
1545,2927,1723
1546,2923,1725
1547,2928,1723
1548,2934,1718
1549,2938,1724
1550,2934,1722
1551,2936,1728
1552,2931,1727
1553,2928,1723
1554,2932,1728
1555,2928,1726
1556,2931,1727
1557,2929,1722
1558,2934,1721
1559,2941,1726
1560,2946,1728
1561,2940,1731
1562,2936,1737
1563,2944,1739
1564,2951,1740
1565,2955,1735
1566,2960,1739
1567,2968,1739
1568,2967,1736
1569,2969,1740
1570,2965,1745
1571,2972,1751
1572,2975,1754
1573,2979,1749
1574,2975,1755
1575,2969,1752
1576,2968,1750
1577,2975,1747
1578,2977,1747
1579,2975,1750
1580,2978,1746
1581,2975,1745
1582,2983,1743
1583,2987,1743
1584,2988,1740
1585,2992,1743
1586,2994,1743
1587,2989,1739
1588,2994,1738
1589,2989,1738
1590,2987,1737
1591,2990,1733
1592,2996,1730
1593,3000,1736
1594,3001,1735
1595,2995,1730
1596,2996,1729
1597,2991,1734
1598,2997,1737
1599,2996,1732
1600,3004,1729
1601,3000,1730
1602,3002,1736
1603,3010,1733
1604,3018,1739
1605,3012,1743
1606,3018,1742
1607,3021,1738
1608,3023,1743
1609,3021,1742
1610,3018,1742
1611,3021,1743
1612,3026,1743
1613,3020,1743
1614,3015,1744
1615,3019,1745
1616,3022,1746
1617,3024,1748
1618,3025,1751
1619,3019,1753
1620,3024,1753
1621,3032,1750
1622,3029,1748
1623,3033,1749
1624,3030,1744
1625,3036,1741
1626,3038,1746
1627,3041,1745
1628,3044,1740
1629,3045,1739
1630,3051,1734
1631,3057,1732
1632,3052,1732
1633,3056,1735
1634,3056,1740
1635,3057,1735
1636,3056,1737
1637,3056,1742
1638,3051,1737
1639,3051,1735
1640,3054,1731
1641,3053,1727
1642,3060,1733
1643,3063,1734
1644,3067,1733
1645,3075,1739
1646,3069,1744
1647,3072,1740
1648,3068,1736
1649,3073,1736
1650,3078,1737
1651,3081,1740
1652,3075,1746
1653,3079,1743
1654,3075,1746
1655,3071,1743
1656,3072,1749
1657,3079,1748
1658,3080,1748
1659,3087,1748
1660,3085,1745
1661,3091,1744
1662,3096,1742
1663,3100,1742
1664,3102,1740
1665,3102,1736
1666,3102,1736
1667,3104,1738
1668,3100,1733
1669,3099,1734
1670,3107,1740
1671,3113,1737
1672,3115,1736
1673,3118,1742
1674,3125,1740
1675,3131,1738
1676,3128,1734
1677,3126,1740
1678,3123,1736
1679,3123,1736
1680,3119,1736
1681,3122,1742
1682,3121,1738
1683,3124,1740
1684,3131,1744
1685,3133,1739
1686,3137,1743
1687,3138,1738
1688,3135,1740
1689,3130,1736
1690,3124,1738
1691,3126,1737
1692,3130,1736
1693,3134,1738
1694,3137,1734
1695,3145,1733
1696,3152,1734
1697,3146,1738
1698,3140,1742
1699,3137,1742
1700,3134,1746
1701,3130,1746
1702,3126,1745
1703,3133,1747
1704,3138,1749
1705,3132,1751
1706,3134,1754
1707,3135,1755
1708,3130,1759
1709,3133,1765
1710,3141,1761
1711,3141,1758
1712,3138,1760
1713,3134,1760
1714,3128,1759
1715,3126,1758
1716,3134,1764
1717,3130,1761
1718,3129,1757
1719,3135,1760
1720,3134,1762
1721,3134,1758
1722,3141,1762
1723,3144,1758
1724,3151,1758
1725,3154,1761
1726,3148,1761
1727,3148,1765
1728,3145,1767
1729,3143,1763
1730,3141,1762
1731,3135,1765
1732,3143,1765
1733,3138,1762
1734,3142,1768
1735,3139,1765
1736,3147,1769
1737,3148,1764
1738,3144,1762
1739,3141,1763
1740,3147,1765
1741,3154,1763
1742,3150,1765
1743,3155,1771
1744,3154,1772
1745,3157,1768
1746,3164,1770
1747,3160,1769
1748,3155,1772
1749,3150,1770
1750,3156,1776
1751,3160,1779
1752,3157,1783
1753,3152,1785
1754,3158,1789
1755,3155,1795
1756,3157,1794
1757,3157,1800
1758,3165,1800
1759,3172,1796
1760,3166,1797
1761,3174,1799
1762,3181,1800
1763,3187,1801
1764,3193,1804
1765,3192,1805
1766,3189,1805
1767,3192,1806
1768,3188,1807
1769,3194,1811
1770,3190,1813
1771,3195,1808
1772,3191,1811
1773,3195,1814
1774,3200,1818
1775,3202,1813
1776,3200,1813
1777,3205,1811
1778,3205,1817
1779,3201,1815
1780,3206,1818
1781,3206,1822
1782,3208,1823
1783,3204,1822
1784,3206,1825
1785,3205,1826
1786,3207,1824
1787,3213,1820
1788,3216,1820
1789,3212,1825
1790,3218,1824
1791,3225,1828
1792,3220,1829
1793,3222,1827
1794,3217,1828
1795,3220,1826
1796,3217,1822
1797,3215,1823
1798,3217,1826
1799,3218,1826
1800,3214,1832
1801,3208,1832
1802,3209,1836
1803,3216,1834
1804,3213,1836
1805,3209,1837
1806,3209,1841
1807,3203,1842
1808,3205,1847
1809,3209,1852
1810,3205,1848
1811,3209,1851
1812,3216,1854
1813,3223,1853
1814,3219,1858
1815,3215,1854
1816,3212,1855
1817,3215,1857
1818,3215,1857
1819,3219,1858
1820,3222,1859
1821,3219,1860
1822,3215,1861
1823,3218,1859
1824,3223,1857
1825,3217,1858
1826,3219,1855
1827,3215,1853
1828,3219,1857
1829,3214,1852
1830,3220,1856
1831,3219,1860
1832,3214,1858
1833,3214,1864
1834,3222,1861
1835,3216,1856
1836,3216,1856
1837,3213,1859
1838,3221,1858
1839,3216,1863
1840,3218,1859
1841,3217,1858
1842,3215,1860
1843,3222,1865
1844,3219,1868
1845,3218,1870
1846,3222,1874
1847,3219,1879
1848,3224,1879
1849,3225,1881
1850,3225,1878
1851,3225,1879
1852,3221,1884
1853,3217,1882
1854,3217,1883
1855,3214,1883
1856,3213,1884
1857,3216,1884
1858,3212,1883
1859,3215,1888
1860,3215,1890
1861,3218,1885
1862,3215,1880
1863,3223,1886
1864,3217,1881
1865,3220,1882
1866,3224,1885
1867,3222,1885
1868,3228,1887
1869,3229,1892
1870,3236,1894
1871,3234,1900
1872,3234,1906
1873,3237,1904
1874,3244,1900
1875,3244,1903
1876,3245,1900
1877,3245,1900
1878,3253,1906
1879,3249,1905
1880,3246,1909
1881,3245,1905
1882,3249,1911
1883,3254,1910
1884,3260,1912
1885,3266,1913
1886,3269,1918
1887,3267,1915
1888,3270,1917
1889,3265,1920
1890,3265,1915
1891,3269,1915
1892,3263,1917
1893,3258,1914
1894,3266,1911
1895,3268,1909
1896,3268,1912
1897,3264,1911
1898,3259,1907
1899,3262,1912
1900,3257,1908
1901,3255,1904
1902,3255,1902
1903,3258,1905
1904,3256,1910
1905,3262,1916
1906,3265,1921
1907,3266,1919
1908,3261,1918
1909,3258,1914
1910,3266,1918
1911,3266,1923
1912,3267,1920
1913,3265,1923
1914,3268,1919
1915,3265,1914
1916,3262,1911
1917,3269,1916
1918,3272,1912
1919,3270,1918
1920,3272,1922
1921,3267,1921
1922,3266,1926
1923,3267,1927
1924,3262,1930
1925,3267,1934
1926,3274,1937
1927,3273,1936
1928,3270,1932
1929,3268,1934
1930,3270,1936
1931,3278,1937
1932,3283,1934
1933,3278,1938
1934,3284,1944
1935,3279,1945
1936,3279,1940
1937,3275,1945
1938,3279,1947
1939,3280,1952
1940,3276,1951
1941,3276,1954
1942,3270,1953
1943,3265,1955
1944,3265,1959
1945,3269,1958
1946,3277,1961
1947,3274,1964
1948,3274,1969
1949,3269,1972
1950,3277,1978
1951,3279,1982
1952,3285,1988
1953,3291,1985
1954,3286,1980
1955,3280,1982
1956,3277,1988
1957,3274,1990
1958,3276,1987
1959,3282,1989
1960,3284,1994
1961,3289,1992
1962,3293,1997
1963,3289,2000
1964,3288,2003
1965,3291,2000
1966,3297,2005
1967,3291,2009
1968,3299,2014
1969,3304,2010
1970,3309,2008
1971,3315,2011
1972,3309,2017
1973,3307,2021
1974,3310,2018
1975,3313,2017
1976,3321,2019
1977,3329,2016
1978,3325,2018
1979,3328,2015
1980,3325,2018
1981,3319,2015
1982,3325,2016
1983,3321,2021
1984,3321,2023
1985,3328,2028
1986,3323,2023
1987,3330,2020
1988,3337,2025
1989,3332,2023
1990,3340,2024
1991,3341,2020
1992,3339,2021
1993,3338,2027
1994,3340,2028
1995,3346,2029
1996,3352,2029
1997,3354,2028
1998,3350,2028
1999,3357,2027
2000,3356,2028
2001,3361,2032
2002,3358,2032
2003,3355,2029
2004,3362,2028
2005,3365,2023
2006,3369,2023
2007,3363,2027
2008,3357,2029
2009,3363,2032
2010,3359,2029
2011,3356,2029
2012,3353,2034
2013,3354,2030
2014,3350,2036
2015,3351,2033
2016,3350,2030
2017,3357,2031
2018,3365,2028
2019,3373,2027
2020,3373,2023
2021,3377,2027
2022,3381,2022
2023,3386,2026
2024,3392,2032
2025,3399,2030
2026,3400,2026
2027,3396,2022
2028,3397,2018
2029,3398,2016
2030,3398,2016
2031,3403,2020
2032,3409,2017
2033,3407,2023
2034,3402,2026
2035,3400,2024
2036,3405,2028
2037,3405,2032
2038,3412,2032
2039,3410,2038
2040,3404,2039
2041,3401,2039
2042,3402,2043
2043,3405,2046
2044,3413,2052
2045,3416,2058
2046,3411,2061
2047,3411,2057
2048,3405,2052
2049,3401,2047
2050,3399,2053
2051,3402,2052
2052,3409,2053
2053,3404,2056
2054,3400,2061
2055,3395,2057
2056,3391,2052
2057,3390,2054
2058,3394,2053
2059,3391,2058
2060,3385,2054
2061,3382,2058
2062,3383,2056
2063,3382,2054
2064,3382,2050
2065,3376,2053
2066,3376,2057
2067,3382,2055
2068,3389,2057
2069,3384,2052
2070,3385,2055
2071,3386,2054
2072,3394,2058
2073,3393,2062
2074,3396,2058
2075,3403,2062
2076,3403,2062
2077,3406,2058
2078,3414,2058
2079,3422,2059
2080,3420,2058
2081,3416,2058
2082,3415,2054
2083,3417,2050
2084,3418,2053
2085,3415,2053
2086,3418,2053
2087,3414,2048
2088,3408,2054
2089,3413,2050
2090,3421,2046
2091,3428,2045
2092,3433,2044
2093,3432,2040
2094,3431,2044
2095,3436,2045
2096,3430,2041
2097,3434,2039
2098,3436,2035
2099,3430,2033
2100,3433,2034
2101,3428,2040
2102,3422,2044
2103,3419,2050
2104,3417,2056
2105,3422,2058
2106,3429,2063
2107,3430,2068
2108,3427,2074
2109,3426,2070
2110,3430,2066
2111,3435,2066
2112,3440,2065
2113,3443,2070
2114,3449,2074
2115,3451,2079
2116,3448,2074
2117,3450,2080
2118,3447,2078
2119,3446,2081
2120,3445,2087
2121,3444,2091
2122,3445,2090
2123,3452,2090
2124,3453,2088
2125,3455,2091
2126,3451,2091
2127,3450,2088
2128,3451,2092
2129,3454,2094
2130,3454,2096
2131,3452,2094
2132,3456,2089
2133,3459,2093
2134,3458,2093
2135,3460,2088
2136,3464,2083
2137,3466,2080
2138,3465,2076
2139,3466,2075
2140,3474,2078
2141,3480,2082
2142,3485,2085
2143,3487,2080
2144,3494,2081
2145,3495,2077
2146,3503,2082
2147,3511,2077
2148,3519,2082
2149,3521,2087
2150,3523,2082
2151,3525,2087
2152,3532,2088
2153,3528,2086
2154,3528,2082
2155,3536,2083
2156,3531,2081
2157,3536,2081
2158,3538,2081
2159,3540,2085
2160,3546,2087
2161,3543,2091
2162,3544,2094
2163,3550,2091
2164,3547,2092
2165,3545,2090
2166,3543,2089
2167,3549,2093
2168,3552,2089
2169,3555,2087
2170,3553,2091
2171,3557,2087
2172,3561,2092
2173,3559,2089
2174,3558,2091
2175,3555,2087
2176,3552,2088
2177,3554,2084
2178,3549,2085
2179,3548,2087
2180,3548,2087
2181,3549,2084
2182,3549,2079
2183,3544,2075
2184,3539,2070
2185,3538,2065
2186,3539,2065
2187,3543,2062
2188,3537,2061
2189,3545,2057
2190,3543,2056
2191,3550,2051
2192,3558,2056
2193,3565,2053
2194,3559,2049
2195,3553,2050
2196,3548,2050
2197,3555,2053
2198,3550,2055
2199,3555,2060
2200,3551,2062
2201,3545,2057
2202,3549,2055
2203,3546,2059
2204,3547,2058
2205,3550,2057
2206,3550,2062
2207,3550,2065
2208,3549,2070
2209,3551,2071
2210,3545,2070
2211,3548,2065
2212,3543,2062
2213,3542,2064
2214,3550,2061
2215,3544,2057
2216,3550,2062
2217,3551,2059
2218,3548,2059
2219,3554,2058
2220,3551,2063
2221,3552,2068
2222,3550,2063
2223,3544,2064
2224,3538,2060
2225,3533,2065
2226,3538,2061
2227,3532,2059
2228,3539,2065
2229,3539,2060
2230,3543,2062
2231,3545,2059
2232,3553,2054
2233,3556,2056
2234,3552,2058
2235,3560,2059
2236,3563,2055
2237,3561,2050
2238,3556,2046
2239,3558,2041
2240,3563,2037
2241,3559,2036
2242,3565,2039
2243,3570,2034
2244,3565,2036
2245,3563,2040
2246,3563,2037
2247,3565,2032
2248,3560,2031
2249,3555,2029
2250,3556,2029
2251,3560,2025
2252,3564,2029
2253,3566,2033
2254,3561,2028
2255,3563,2024
2256,3559,2029
2257,3565,2028
2258,3563,2034
2259,3559,2031
2260,3553,2029
2261,3551,2034
2262,3555,2032
2263,3558,2029
2264,3555,2029
2265,3556,2034
2266,3561,2032
2267,3566,2037
2268,3560,2040
2269,3563,2040
2270,3568,2042
2271,3564,2047
2272,3562,2047
2273,3570,2047
2274,3577,2047
2275,3577,2046
2276,3580,2048
2277,3579,2043
2278,3587,2040
2279,3592,2039
2280,3586,2034
2281,3589,2040
2282,3594,2035
2283,3599,2032
2284,3594,2029
2285,3592,2034
2286,3586,2035
2287,3588,2037
2288,3584,2037
2289,3585,2032
2290,3587,2031
2291,3581,2029
2292,3577,2034
2293,3583,2037
2294,3582,2041
2295,3578,2046
2296,3582,2041
2297,3588,2037
2298,3592,2034
2299,3590,2038
2300,3584,2038
2301,3586,2039
2302,3588,2035
2303,3593,2036
2304,3594,2033
2305,3595,2034
2306,3593,2040
2307,3599,2043
2308,3599,2045
2309,3599,2042
2310,3597,2040
2311,3605,2038
2312,3608,2042
2313,3607,2040
2314,3606,2042
2315,3613,2041
2316,3618,2046
2317,3612,2052
2318,3610,2047
2319,3611,2047
2320,3609,2045
2321,3608,2051
2322,3609,2054
2323,3613,2052
2324,3616,2055
2325,3621,2054
2326,3620,2060
2327,3616,2063
2328,3615,2059
2329,3612,2054
2330,3611,2050
2331,3606,2055
2332,3610,2054
2333,3615,2057
2334,3617,2061
2335,3625,2063
2336,3622,2065
2337,3617,2066
2338,3612,2062
2339,3613,2064
2340,3613,2060
2341,3611,2066
2342,3611,2062
2343,3616,2068
2344,3620,2073
2345,3618,2068
2346,3617,2068
2347,3624,2063
2348,3622,2062
2349,3616,2063
2350,3614,2066
2351,3619,2061
2352,3619,2059
2353,3622,2056
2354,3627,2059
2355,3624,2056
2356,3630,2062
2357,3627,2063
2358,3627,2066
2359,3621,2068
2360,3618,2066
2361,3614,2061
2362,3615,2062
2363,3620,2064
2364,3627,2061
2365,3635,2062
2366,3642,2058
2367,3643,2064
2368,3651,2068
2369,3652,2073
2370,3655,2072
2371,3657,2078
2372,3657,2084
2373,3660,2088
2374,3660,2091
2375,3668,2095
2376,3664,2091
2377,3670,2092
2378,3664,2091
2379,3662,2088
2380,3659,2084
2381,3666,2082
2382,3672,2087
2383,3678,2083
2384,3678,2079
2385,3673,2079
2386,3676,2080
2387,3680,2083
2388,3680,2079
2389,3677,2078
2390,3684,2083
2391,3682,2085
2392,3679,2089
2393,3678,2095
2394,3678,2097
2395,3682,2099
2396,3683,2095
2397,3682,2091
2398,3678,2093
2399,3678,2096
2400,3675,2101
2401,3671,2103
2402,3673,2109
2403,3674,2112
2404,3680,2109
2405,3682,2112
2406,3678,2110
2407,3672,2112
2408,3676,2117
2409,3678,2118
2410,3678,2115
2411,3681,2113
2412,3676,2110
2413,3683,2107
2414,3685,2110
2415,3687,2112
2416,3686,2117
2417,3689,2112
2418,3686,2109
2419,3685,2109
2420,3682,2111
2421,3679,2114
2422,3684,2112
2423,3678,2111
2424,3684,2113
2425,3686,2119
2426,3683,2122
2427,3681,2117
2428,3688,2112
2429,3696,2111
2430,3702,2111
2431,3701,2117
2432,3700,2123
2433,3695,2122
2434,3689,2128
2435,3686,2133
2436,3691,2133
2437,3699,2134
2438,3705,2136
2439,3704,2141
2440,3706,2141
2441,3700,2143
2442,3704,2144
2443,3698,2147
2444,3702,2148
2445,3699,2152
2446,3702,2151
2447,3697,2155
2448,3694,2158
2449,3694,2161
2450,3697,2156
2451,3694,2151
2452,3694,2147
2453,3698,2143
2454,3695,2147
2455,3689,2151
2456,3683,2146
2457,3685,2142
2458,3688,2140
2459,3683,2139
2460,3691,2139
2461,3695,2142
2462,3703,2139
2463,3698,2141
2464,3699,2137
2465,3694,2137
2466,3690,2141
2467,3698,2145
2468,3704,2145
2469,3700,2147
2470,3696,2142
2471,3702,2143
2472,3701,2149
2473,3701,2155
2474,3700,2153
2475,3703,2158
2476,3708,2160
2477,3708,2163
2478,3705,2169
2479,3711,2173
2480,3715,2171
2481,3711,2172
2482,3718,2175
2483,3717,2176
2484,3719,2174
2485,3725,2173
2486,3730,2171
2487,3738,2168
2488,3735,2168
2489,3740,2168
2490,3744,2165
2491,3748,2162
2492,3750,2165
2493,3754,2168
2494,3749,2173
2495,3743,2173
2496,3740,2177
2497,3743,2178
2498,3747,2182
2499,3752,2188
2500,3756,2189
2501,3750,2191
2502,3757,2194
2503,3762,2189
2504,3762,2186
2505,3756,2183
2506,3756,2180
2507,3757,2178
2508,3753,2181
2509,3760,2181
2510,3761,2186
2511,3768,2186
2512,3767,2184
2513,3761,2183
2514,3760,2184
2515,3764,2184
2516,3767,2186
2517,3769,2184
2518,3765,2180
2519,3760,2175
2520,3763,2174
2521,3757,2180
2522,3753,2179
2523,3755,2181
2524,3758,2184
2525,3755,2184
2526,3762,2189
2527,3761,2184
2528,3768,2184
2529,3774,2184
2530,3781,2180
2531,3782,2180
2532,3780,2183
2533,3786,2180
2534,3784,2175
2535,3780,2181
2536,3780,2183
2537,3776,2180
2538,3771,2183
2539,3769,2187
2540,3774,2186
2541,3771,2192
2542,3779,2190
2543,3783,2191
2544,3786,2189
2545,3785,2193
2546,3782,2190
2547,3790,2186
2548,3796,2188
2549,3796,2188
2550,3801,2186
2551,3800,2186
2552,3798,2191
2553,3800,2194
2554,3799,2197
2555,3799,2202
2556,3798,2203
2557,3800,2201
2558,3795,2204
2559,3791,2210
2560,3794,2216
2561,3801,2221
2562,3801,2217
2563,3798,2220
2564,3805,2215
2565,3799,2216
2566,3806,2218
2567,3814,2224
2568,3813,2221
2569,3818,2224
2570,3824,2230
2571,3832,2231
2572,3836,2232
2573,3837,2229
2574,3835,2233
2575,3840,2234
2576,3837,2231
2577,3841,2230
2578,3835,2232
2579,3834,2227
2580,3837,2231
2581,3834,2226
2582,3836,2228
2583,3832,2231
2584,3831,2227
2585,3828,2227
2586,3836,2230
2587,3835,2229
2588,3831,2233
2589,3833,2230
2590,3833,2235
2591,3828,2238
2592,3829,2244
2593,3834,2239
2594,3840,2243
2595,3843,2238
2596,3839,2242
2597,3845,2238
2598,3839,2244
2599,3838,2248
2600,3834,2252
2601,3838,2249
2602,3834,2250
2603,3842,2245
2604,3838,2247
2605,3833,2245
2606,3828,2243
2607,3831,2238
2608,3826,2241
2609,3823,2246
2610,3825,2249
2611,3825,2248
2612,3831,2246
2613,3833,2243
2614,3834,2238
2615,3830,2236
2616,3835,2241
2617,3842,2242
2618,3843,2238
2619,3839,2243
2620,3838,2243
2621,3839,2245
2622,3843,2251
2623,3846,2247
2624,3845,2252
2625,3853,2248
2626,3847,2246
2627,3854,2247
2628,3854,2242
2629,3861,2247
2630,3858,2248
2631,3859,2253
2632,3867,2250
2633,3865,2253
2634,3865,2255
2635,3860,2255
2636,3862,2256
2637,3868,2255
2638,3872,2260
2639,3869,2255
2640,3873,2260
2641,3876,2256
2642,3884,2252
2643,3891,2255
2644,3894,2259
2645,3896,2265
2646,3902,2260
2647,3900,2266
2648,3895,2272
2649,3901,2268
2650,3906,2267
2651,3908,2269
2652,3911,2269
2653,3911,2273
2654,3905,2278
2655,3901,2273
2656,3903,2278
2657,3907,2278
2658,3901,2278
2659,3906,2280
2660,3901,2277
2661,3897,2281
2662,3904,2286
2663,3912,2285
2664,3916,2285
2665,3916,2287
2666,3912,2290
2667,3918,2288
2668,3917,2284
2669,3925,2289
2670,3919,2291
2671,3925,2286
2672,3920,2288
2673,3928,2288
2674,3922,2287
2675,3924,2289
2676,3920,2293
2677,3914,2296
2678,3916,2293
2679,3921,2296
2680,3927,2292
2681,3933,2295
2682,3927,2292
2683,3932,2290
2684,3932,2292
2685,3933,2296
2686,3932,2302
2687,3936,2299
2688,3935,2305
2689,3941,2301
2690,3944,2296
2691,3948,2294
2692,3952,2290
2693,3960,2288
2694,3961,2294
2695,3969,2297
2696,3970,2293
2697,3965,2295
2698,3966,2296
2699,3973,2294
2700,3980,2291
2701,3975,2289
2702,3980,2288
2703,3985,2287
2704,3988,2283
2705,3985,2279
2706,3989,2278
2707,3991,2273
2708,3990,2276
2709,3985,2279
2710,3991,2278
2711,3995,2273
2712,3996,2276
2713,3992,2272
2714,3988,2267
2715,3986,2273
2716,3982,2278
2717,3980,2276
2718,3978,2281
2719,3973,2287
2720,3971,2289
2721,3968,2294
2722,3968,2299
2723,3964,2303
2724,3969,2300
2725,3976,2299
2726,3981,2297
2727,3980,2298
2728,3981,2301
2729,3980,2301
2730,3983,2301
2731,3990,2301
2732,3996,2297
2733,4000,2296
2734,4000,2292
2735,3997,2297
2736,3997,2296
2737,3996,2299
2738,4004,2296
2739,4005,2302
2740,3999,2305
2741,4001,2311
2742,4004,2316
2743,4002,2320
2744,4001,2322
2745,3998,2326
2746,4006,2326
2747,4004,2332
2748,3998,2335
2749,3996,2339
2750,3991,2345
2751,3995,2346
2752,3998,2352
2753,4005,2350
2754,4004,2347
2755,4001,2351
2756,4006,2349
2757,4011,2352
2758,4016,2352
2759,4013,2354
2760,4011,2354
2761,4018,2353
2762,4019,2350
2763,4022,2352
2764,4026,2350
2765,4032,2345
2766,4030,2345
2767,4032,2346
2768,4026,2341
2769,4025,2337
2770,4020,2337
2771,4014,2335
2772,4008,2330
2773,4015,2332
2774,4016,2338
2775,4021,2337
2776,4018,2342
2777,4016,2337
2778,4024,2336
2779,4025,2333
2780,4028,2336
2781,4034,2336
2782,4040,2334
2783,4037,2339
2784,4045,2334
2785,4052,2335
2786,4056,2337
2787,4055,2334
2788,4056,2337
2789,4057,2332
2790,4059,2331
2791,4067,2333
2792,4066,2332
2793,4064,2327
2794,4069,2330
2795,4071,2335
2796,4073,2338
2797,4079,2344
2798,4086,2344
2799,4081,2347
2800,4078,2342
2801,4072,2346
2802,4074,2349
2803,4081,2347
2804,4087,2353
2805,4094,2359
2806,4089,2360
2807,4091,2363
2808,4096,2364
2809,4103,2361
2810,4099,2367
2811,4093,2367
2812,4093,2367
2813,4087,2364
2814,4090,2367
2815,4088,2363
2816,4091,2359
2817,4099,2363
2818,4093,2359
2819,4100,2354
2820,4100,2350
2821,4105,2354
2822,4111,2354
2823,4119,2355
2824,4115,2359
2825,4117,2355
2826,4121,2352
2827,4118,2356
2828,4125,2354
2829,4126,2357
2830,4128,2360
2831,4124,2358
2832,4124,2361
2833,4130,2360
2834,4138,2359
2835,4143,2365
2836,4150,2369
2837,4144,2374
2838,4140,2376
2839,4138,2374
2840,4135,2380
2841,4129,2380
2842,4130,2382
2843,4125,2379
2844,4124,2382
2845,4127,2386
2846,4128,2384
2847,4136,2381
2848,4140,2380
2849,4136,2382
2850,4138,2385
2851,4141,2386
2852,4138,2386
2853,4144,2385
2854,4138,2380
2855,4138,2375
2856,4140,2372
2857,4143,2378
2858,4149,2373
2859,4155,2374
2860,4154,2370
2861,4150,2374
2862,4151,2378
2863,4158,2377
2864,4159,2380
2865,4160,2381
2866,4163,2376
2867,4167,2373
2868,4171,2374
2869,4174,2370
2870,4169,2373
2871,4168,2370
2872,4166,2370
2873,4172,2372
2874,4171,2373
2875,4169,2373
2876,4169,2370
2877,4169,2369
2878,4171,2366
2879,4173,2366
2880,4180,2365
2881,4184,2366
2882,4181,2367
2883,4180,2371
2884,4184,2373
2885,4187,2374
2886,4182,2373
2887,4185,2370
2888,4180,2368
2889,4183,2365
2890,4191,2370
2891,4195,2376
2892,4192,2378
2893,4197,2378
2894,4198,2377
2895,4205,2382
2896,4209,2385
2897,4213,2390
2898,4220,2392
2899,4219,2395
2900,4225,2391
2901,4225,2390
2902,4232,2390
2903,4229,2392
2904,4229,2389
2905,4237,2391
2906,4231,2387
2907,4231,2382
2908,4232,2377
2909,4237,2375
2910,4233,2373
2911,4238,2372
2912,4246,2371
2913,4253,2374
2914,4257,2379
2915,4264,2384
2916,4259,2390
2917,4259,2391
2918,4256,2395
2919,4259,2396
2920,4267,2400
2921,4261,2395
2922,4269,2395
2923,4274,2401
2924,4270,2399
2925,4275,2397
2926,4272,2392
2927,4276,2391
2928,4273,2393
2929,4277,2393
2930,4272,2391
2931,4279,2391
2932,4280,2387
2933,4274,2392
2934,4279,2398
2935,4273,2398
2936,4272,2403
2937,4270,2404
2938,4275,2405
2939,4282,2404
2940,4278,2410
2941,4282,2413
2942,4279,2409
2943,4280,2415
2944,4278,2410
2945,4282,2405
2946,4279,2401
2947,4275,2398
2948,4277,2396
2949,4285,2394
2950,4291,2397
2951,4296,2392
2952,4292,2394
2953,4286,2392
2954,4281,2398
2955,4278,2401
2956,4276,2403
2957,4275,2407
2958,4274,2413
2959,4269,2412
2960,4275,2418
2961,4282,2414
2962,4285,2416
2963,4289,2422
2964,4286,2421
2965,4284,2427
2966,4292,2431
2967,4296,2426
2968,4295,2423
2969,4293,2428
2970,4298,2423
2971,4298,2429
2972,4297,2424
2973,4298,2427
2974,4293,2431
2975,4298,2434
2976,4292,2432
2977,4287,2432
2978,4292,2436
2979,4288,2437
2980,4289,2432
2981,4297,2432
2982,4296,2437
2983,4297,2435
2984,4293,2438
2985,4300,2435
2986,4305,2436
2987,4311,2440
2988,4317,2444
2989,4312,2445
2990,4315,2449
2991,4323,2455
2992,4331,2452
2993,4336,2453
2994,4340,2454
2995,4339,2456
2996,4334,2458
2997,4329,2456
2998,4335,2454
2999,4329,2454
3000,4326,2454
3001,4332,2459
3002,4337,2461
3003,4336,2464
3004,4338,2463
3005,4341,2466
3006,4344,2472
3007,4352,2477
3008,4352,2481
3009,4358,2476
3010,4354,2482
3011,4357,2488
3012,4357,2488
3013,4358,2492
3014,4361,2492
3015,4357,2495
3016,4363,2501
3017,4367,2498
3018,4373,2499
3019,4380,2495
3020,4378,2490
3021,4383,2485
3022,4379,2485
3023,4381,2480
3024,4381,2480
3025,4388,2478
3026,4393,2480
3027,4396,2486
3028,4404,2492
3029,4401,2488
3030,4400,2489
3031,4405,2488
3032,4402,2487
3033,4408,2488
3034,4410,2489
3035,4413,2489
3036,4413,2495
3037,4416,2499
3038,4422,2503
3039,4429,2504
3040,4437,2502
3041,4443,2506
3042,4449,2506
3043,4456,2509
3044,4456,2505
3045,4453,2508
3046,4449,2509
3047,4457,2512
3048,4457,2513
3049,4463,2519
3050,4458,2516
3051,4462,2515
3052,4457,2515
3053,4459,2512
3054,4461,2516
3055,4467,2521
3056,4475,2523
3057,4481,2523
3058,4484,2520
3059,4486,2516
3060,4492,2512
3061,4486,2511
3062,4490,2511
3063,4485,2512
3064,4483,2518
3065,4477,2523
3066,4475,2520
3067,4475,2524
3068,4469,2527
3069,4471,2531
3070,4476,2529
3071,4476,2527
3072,4471,2529
3073,4470,2533
3074,4472,2534
3075,4474,2536
3076,4481,2534
3077,4489,2530
3078,4486,2536
3079,4482,2537
3080,4485,2536
3081,4486,2534
3082,4485,2530
3083,4481,2534
3084,4484,2539
3085,4481,2541
3086,4488,2541
3087,4482,2539
3088,4480,2542
3089,4484,2546
3090,4487,2548
3091,4485,2549
3092,4480,2547
3093,4480,2543
3094,4479,2547
3095,4483,2545
3096,4487,2547
3097,4482,2544
3098,4488,2549
3099,4492,2548
3100,4495,2543
3101,4499,2544
3102,4505,2548
3103,4499,2544
3104,4495,2545
3105,4492,2550
3106,4500,2545
3107,4506,2540
3108,4513,2541
3109,4518,2541
3110,4522,2538
3111,4528,2543
3112,4535,2545
3113,4533,2547
3114,4533,2545
3115,4539,2542
3116,4544,2546
3117,4541,2541
3118,4542,2536
3119,4543,2538
3120,4551,2538
3121,4555,2541
3122,4563,2541
3123,4567,2538
3124,4569,2533
3125,4569,2528
3126,4570,2524
3127,4566,2526
3128,4562,2521
3129,4567,2521
3130,4566,2527
3131,4560,2532
3132,4567,2533
3133,4563,2538
3134,4559,2539
3135,4556,2535
3136,4556,2539
3137,4552,2543
3138,4548,2544
3139,4551,2548
3140,4545,2554
3141,4546,2552
3142,4542,2550
3143,4540,2555
3144,4536,2561
3145,4539,2562
3146,4545,2557
3147,4539,2554
3148,4544,2558
3149,4550,2559
3150,4557,2561
3151,4564,2560
3152,4561,2561
3153,4555,2566
3154,4559,2568
3155,4566,2574
3156,4572,2574
3157,4567,2578
3158,4566,2582
3159,4560,2587
3160,4561,2589
3161,4564,2588
3162,4561,2591
3163,4556,2597
3164,4558,2603
3165,4557,2608
3166,4556,2610
3167,4556,2607
3168,4552,2610
3169,4553,2607
3170,4548,2609
3171,4551,2608
3172,4556,2608
3173,4551,2612
3174,4548,2613
3175,4554,2618
3176,4561,2618
3177,4556,2617
3178,4556,2612
3179,4564,2607
3180,4564,2607
3181,4569,2605
3182,4576,2600
3183,4582,2604
3184,4588,2601
3185,4582,2598
3186,4584,2596
3187,4581,2599
3188,4584,2599
3189,4590,2605
3190,4596,2611
3191,4599,2617
3192,4594,2618
3193,4595,2619
3194,4597,2615
3195,4604,2614
3196,4598,2617
3197,4594,2616
3198,4601,2619
3199,4609,2614
3200,4605,2613
3201,4609,2617
3202,4609,2622
3203,4608,2628
3204,4614,2631
3205,4613,2626
3206,4610,2628
3207,4606,2633
3208,4605,2635
3209,4600,2630
3210,4606,2636
3211,4612,2631
3212,4614,2635
3213,4619,2630
3214,4624,2626
3215,4628,2629
3216,4622,2633
3217,4629,2635
3218,4625,2637
3219,4630,2639
3220,4625,2643
3221,4622,2641
3222,4617,2639
3223,4625,2643
3224,4625,2640
3225,4628,2640
3226,4634,2645
3227,4642,2646
3228,4636,2651
3229,4634,2646
3230,4639,2644
3231,4636,2646
3232,4642,2646
3233,4643,2647
3234,4640,2652
3235,4647,2651
3236,4649,2657
3237,4657,2655
3238,4657,2651
3239,4662,2653
3240,4664,2648
3241,4665,2650
3242,4669,2650
3243,4665,2649
3244,4659,2648
3245,4658,2651
3246,4663,2648
3247,4671,2643
3248,4674,2643
3249,4681,2643
3250,4685,2647
3251,4685,2642
3252,4681,2637
3253,4685,2634
3254,4685,2635
3255,4693,2632
3256,4701,2632
3257,4700,2638
3258,4695,2634
3259,4702,2633
3260,4703,2635
3261,4697,2640
3262,4705,2643
3263,4700,2648
3264,4702,2646
3265,4698,2642
3266,4702,2648
3267,4697,2645
3268,4694,2644
3269,4689,2647
3270,4685,2642
3271,4691,2648
3272,4688,2652
3273,4695,2650
3274,4693,2654
3275,4694,2649
3276,4702,2650
3277,4704,2646
3278,4712,2652
3279,4714,2648
3280,4716,2651
3281,4718,2651
3282,4715,2648
3283,4716,2649
3284,4720,2647
3285,4724,2653
3286,4719,2649
3287,4719,2653
3288,4715,2652
3289,4718,2648
3290,4724,2653
3291,4731,2659
3292,4737,2657
3293,4738,2658
3294,4740,2663
3295,4736,2662
3296,4731,2658
3297,4726,2658
3298,4732,2657
3299,4732,2658
3300,4738,2663
3301,4738,2667
3302,4741,2673
3303,4742,2671
3304,4741,2671
3305,4735,2671
3306,4730,2667
3307,4737,2662
3308,4739,2661
3309,4743,2659
3310,4744,2664
3311,4744,2664
3312,4744,2666
3313,4748,2665
3314,4755,2668
3315,4754,2668
3316,4762,2670
3317,4757,2672
3318,4755,2671
3319,4756,2668
3320,4751,2674
3321,4751,2680
3322,4753,2685
3323,4750,2690
3324,4750,2695
3325,4747,2701
3326,4755,2700
3327,4749,2696
3328,4757,2699
3329,4762,2700
3330,4760,2701
3331,4754,2701
3332,4751,2701
3333,4757,2701
3334,4758,2706
3335,4756,2703
3336,4758,2702
3337,4755,2705
3338,4761,2710
3339,4766,2709
3340,4767,2704
3341,4769,2710
3342,4764,2709
3343,4761,2715
3344,4765,2710
3345,4762,2706
3346,4769,2709
3347,4775,2706
3348,4779,2706
3349,4784,2711
3350,4784,2717
3351,4778,2712
3352,4782,2709
3353,4783,2713
3354,4789,2712
3355,4791,2708
3356,4793,2708
3357,4791,2707
3358,4794,2705
3359,4790,2709
3360,4789,2713
3361,4796,2712
3362,4797,2709
3363,4804,2713
3364,4805,2708
3365,4809,2704
3366,4816,2709
3367,4813,2709
3368,4818,2706
3369,4813,2711
3370,4817,2715
3371,4812,2713
3372,4811,2715
3373,4811,2719
3374,4813,2716
3375,4821,2722
3376,4815,2728
3377,4821,2729
3378,4828,2726
3379,4835,2730
3380,4829,2736
3381,4830,2735
3382,4824,2735
3383,4824,2735
3384,4825,2730
3385,4822,2736
3386,4821,2731
3387,4819,2730
3388,4818,2736
3389,4821,2732
3390,4821,2736
3391,4822,2740
3392,4821,2744
3393,4816,2749
3394,4820,2746
3395,4818,2746
3396,4819,2747
3397,4816,2744
3398,4821,2742
3399,4822,2743
3400,4819,2741
3401,4825,2746
3402,4822,2745
3403,4819,2748
3404,4818,2744
3405,4823,2740
3406,4822,2739
3407,4829,2740
3408,4829,2745
3409,4824,2745
3410,4824,2741
3411,4829,2739
3412,4823,2736
3413,4828,2741
3414,4829,2742
3415,4831,2743
3416,4828,2744
3417,4825,2740
3418,4823,2740
3419,4824,2739
3420,4832,2736
3421,4830,2738
3422,4828,2741
3423,4836,2745
3424,4841,2741
3425,4848,2740
3426,4842,2746
3427,4836,2752
3428,4843,2748
3429,4838,2748
3430,4832,2745
3431,4837,2751
3432,4835,2752
3433,4835,2749
3434,4834,2755
3435,4829,2752
3436,4831,2750
3437,4836,2747
3438,4833,2750
3439,4837,2754
3440,4844,2757
3441,4847,2760
3442,4849,2761
3443,4844,2763
3444,4842,2766
3445,4846,2768
3446,4851,2773
3447,4858,2768
3448,4855,2772
3449,4858,2775
3450,4862,2770
3451,4856,2772
3452,4851,2774
3453,4854,2775
3454,4860,2776
3455,4864,2771
3456,4861,2774
3457,4866,2778
3458,4865,2777
3459,4864,2774
3460,4866,2772
3461,4870,2770
3462,4867,2772
3463,4865,2769
3464,4870,2769
3465,4870,2765
3466,4866,2768
3467,4868,2768
3468,4872,2765
3469,4870,2768
3470,4878,2767
3471,4884,2770
3472,4885,2775
3473,4884,2770
3474,4884,2767
3475,4891,2771
3476,4886,2777
3477,4881,2779
3478,4887,2780
3479,4892,2786
3480,4886,2782
3481,4889,2780
3482,4883,2777
3483,4885,2782
3484,4890,2787
3485,4887,2793
3486,4889,2790
3487,4893,2796
3488,4898,2794
3489,4892,2794
3490,4900,2790
3491,4898,2794
3492,4900,2789
3493,4902,2789
3494,4907,2787
3495,4903,2791
3496,4907,2791
3497,4901,2793
3498,4896,2795
3499,4903,2790
3500,4906,2792
3501,4904,2798
3502,4907,2799
3503,4903,2805
3504,4897,2802
3505,4893,2803
3506,4901,2809
3507,4901,2806
3508,4899,2811
3509,4895,2806
3510,4903,2809
3511,4911,2812
3512,4917,2813
3513,4912,2817
3514,4917,2822
3515,4911,2818
3516,4915,2818
3517,4919,2820
3518,4917,2821
3519,4925,2824
3520,4932,2820
3521,4935,2826
3522,4943,2826
3523,4937,2827
3524,4939,2827
3525,4933,2825
3526,4934,2829
3527,4934,2835
3528,4931,2840
3529,4938,2839
3530,4933,2841
3531,4930,2837
3532,4926,2836
3533,4927,2842
3534,4926,2838
3535,4925,2837
3536,4919,2836
3537,4924,2841
3538,4920,2844
3539,4928,2843
3540,4927,2840
3541,4932,2840
3542,4929,2844
3543,4934,2842
3544,4935,2838
3545,4941,2835
3546,4946,2832
3547,4941,2830
3548,4942,2831
3549,4950,2833
3550,4951,2835
3551,4947,2840
3552,4947,2838
3553,4955,2841
3554,4949,2837
3555,4951,2840
3556,4952,2842
3557,4947,2843
3558,4949,2842
3559,4949,2838
3560,4953,2833
3561,4955,2828
3562,4950,2829
3563,4948,2829
3564,4947,2834
3565,4953,2835
3566,4954,2837
3567,4959,2841
3568,4958,2839
3569,4966,2843
3570,4972,2839
3571,4976,2838
3572,4984,2844
3573,4991,2845
3574,4994,2851
3575,4992,2846
3576,4995,2845
3577,4989,2849
3578,4997,2849
3579,5002,2845
3580,5003,2846
3581,5008,2843
3582,5004,2839
3583,5012,2845
3584,5010,2846
3585,5014,2848
3586,5020,2849
3587,5025,2855
3588,5030,2854
3589,5038,2859
3590,5043,2864
3591,5045,2861
3592,5052,2858
3593,5058,2855
3594,5065,2857
3595,5062,2853
3596,5069,2859
3597,5066,2854
3598,5071,2859
3599,5065,2865
3600,5072,2869
3601,5075,2871
3602,5082,2873
3603,5080,2879
3604,5084,2881
3605,5089,2882
3606,5094,2887
3607,5101,2882
3608,5106,2887
3609,5110,2886
3610,5116,2887
3611,5118,2886
3612,5116,2884
3613,5123,2883
3614,5131,2879
3615,5138,2882
3616,5136,2884
3617,5132,2883
3618,5132,2878
3619,5128,2881
3620,5135,2876
3621,5134,2880
3622,5136,2876
3623,5136,2877
3624,5144,2883
3625,5139,2884
3626,5141,2887
3627,5138,2882
3628,5145,2878
3629,5144,2880
3630,5151,2884
3631,5148,2888
3632,5149,2884
3633,5153,2888
3634,5160,2887
3635,5159,2882
3636,5166,2883
3637,5170,2878
3638,5175,2877
3639,5171,2881
3640,5167,2879
3641,5171,2884
3642,5169,2880
3643,5173,2878
3644,5175,2875
3645,5180,2875
3646,5177,2876
3647,5180,2875
3648,5179,2878
3649,5185,2882
3650,5192,2882
3651,5186,2881
3652,5192,2881
3653,5188,2880
3654,5194,2886
3655,5196,2884
3656,5191,2884
3657,5189,2886
3658,5197,2885
3659,5191,2891
3660,5197,2892
3661,5202,2893
3662,5197,2889
3663,5205,2891
3664,5206,2886
3665,5212,2891
3666,5212,2892
3667,5220,2888
3668,5218,2890
3669,5214,2892
3670,5210,2891
3671,5208,2892
3672,5212,2892
3673,5209,2896
3674,5207,2898
3675,5203,2901
3676,5209,2907
3677,5211,2905
3678,5213,2909
3679,5213,2907
3680,5208,2910
3681,5207,2913
3682,5211,2911
3683,5206,2907
3684,5209,2904
3685,5209,2903
3686,5207,2909
3687,5201,2908
3688,5197,2907
3689,5200,2909
3690,5205,2914
3691,5200,2920
3692,5194,2920
3693,5197,2920
3694,5202,2916
3695,5198,2920
3696,5193,2924
3697,5198,2922
3698,5195,2927
3699,5200,2931
3700,5197,2928
3701,5196,2934
3702,5196,2933
3703,5193,2936
3704,5201,2931
3705,5196,2930
3706,5196,2926
3707,5202,2932
3708,5204,2931
3709,5209,2934
3710,5208,2931
3711,5213,2936
3712,5213,2942
3713,5218,2940
3714,5226,2936
3715,5222,2939
3716,5227,2934
3717,5224,2939
3718,5222,2942
3719,5225,2939
3720,5222,2939
3721,5226,2939
3722,5232,2934
3723,5230,2937
3724,5235,2938
3725,5231,2939
3726,5231,2940
3727,5227,2942
3728,5235,2947
3729,5236,2945
3730,5233,2944
3731,5234,2947
3732,5237,2947
3733,5242,2952
3734,5245,2950
3735,5249,2949
3736,5249,2953
3737,5247,2948
3738,5255,2947
3739,5253,2944
3740,5251,2950
3741,5255,2954
3742,5259,2949
3743,5266,2951
3744,5267,2955
3745,5272,2952
3746,5273,2951
3747,5267,2948
3748,5261,2951
3749,5256,2957
3750,5250,2955
3751,5244,2953
3752,5247,2953
3753,5248,2958
3754,5252,2957
3755,5250,2953
3756,5257,2957
3757,5263,2953
3758,5264,2958
3759,5271,2963
3760,5272,2960
3761,5273,2955
3762,5273,2959
3763,5278,2955
3764,5277,2951
3765,5272,2948
3766,5266,2952
3767,5267,2954
3768,5265,2955
3769,5271,2956
3770,5266,2961
3771,5265,2956
3772,5273,2953
3773,5274,2951
3774,5268,2949
3775,5269,2949
3776,5269,2951
3777,5276,2954
3778,5279,2950
3779,5277,2946
3780,5275,2946
3781,5282,2947
3782,5276,2948
3783,5282,2948
3784,5277,2949
3785,5278,2953
3786,5285,2952
3787,5284,2950
3788,5281,2956
3789,5278,2961
3790,5286,2967
3791,5282,2965
3792,5288,2971
3793,5296,2967
3794,5296,2963
3795,5294,2966
3796,5297,2972
3797,5300,2972
3798,5305,2976
3799,5306,2974
3800,5310,2975
3801,5311,2978
3802,5317,2973
3803,5325,2976
3804,5323,2980
3805,5328,2975
3806,5331,2975
3807,5338,2978
3808,5340,2975
3809,5346,2970
3810,5352,2971
3811,5356,2966
3812,5361,2961
3813,5365,2966
3814,5362,2961
3815,5364,2963
3816,5368,2958
3817,5365,2957
3818,5363,2958
3819,5370,2961
3820,5375,2960
3821,5371,2966
3822,5368,2969
3823,5368,2972
3824,5370,2970
3825,5366,2974
3826,5366,2979
3827,5364,2980
3828,5368,2978
3829,5370,2982
3830,5367,2984
3831,5374,2982
3832,5381,2982
3833,5381,2986
3834,5376,2990
3835,5374,2988
3836,5379,2991
3837,5375,2990
3838,5377,2990
3839,5379,2985
3840,5375,2990
3841,5373,2989
3842,5377,2991
3843,5384,2995
3844,5389,2994
3845,5383,2990
3846,5389,2985
3847,5389,2985
3848,5384,2990
3849,5389,2989
3850,5383,2993
3851,5382,2988
3852,5380,2983
3853,5388,2983
3854,5386,2981
3855,5384,2978
3856,5389,2973
3857,5383,2969
3858,5378,2964
3859,5373,2964
3860,5380,2965
3861,5383,2960
3862,5391,2960
3863,5394,2955
3864,5397,2951
3865,5393,2954
3866,5392,2956
3867,5393,2959
3868,5400,2957
3869,5402,2955
3870,5399,2954
3871,5407,2956
3872,5413,2960
3873,5416,2959
3874,5417,2964
3875,5419,2961
3876,5427,2966
3877,5421,2966
3878,5421,2964
3879,5416,2965
3880,5418,2969
3881,5419,2965
3882,5422,2969
3883,5430,2973
3884,5424,2978
3885,5424,2982
3886,5420,2983
3887,5424,2988
3888,5427,2983
3889,5429,2985
3890,5431,2982
3891,5428,2983
3892,5427,2984
3893,5431,2984
3894,5435,2989
3895,5433,2994
3896,5427,2995
3897,5430,2993
3898,5424,2993
3899,5430,2988
3900,5429,2991
3901,5427,2990
3902,5431,2995
3903,5436,2996
3904,5437,2995
3905,5445,2992
3906,5452,2993
3907,5457,2991
3908,5459,2988
3909,5467,2989
3910,5462,2985
3911,5466,2983
3912,5470,2982
3913,5465,2987
3914,5469,2984
3915,5476,2979
3916,5481,2982
3917,5485,2979
3918,5486,2985
3919,5484,2991
3920,5484,2988
3921,5486,2987
3922,5481,2992
3923,5483,2998
3924,5491,3003
3925,5488,2999
3926,5491,3005
3927,5492,3004
3928,5487,3004
3929,5487,3002
3930,5491,3007
3931,5485,3011
3932,5493,3012
3933,5497,3010
3934,5503,3010
3935,5504,3010
3936,5500,3005
3937,5498,3005
3938,5506,3009
3939,5507,3014
3940,5501,3020
3941,5505,3019
3942,5509,3014
3943,5504,3011
3944,5510,3008
3945,5510,3003
3946,5516,3008
3947,5521,3009
3948,5517,3005
3949,5518,3002
3950,5524,3001
3951,5528,3000
3952,5534,2999
3953,5529,3003
3954,5536,3004
3955,5532,3003
3956,5529,3003
3957,5536,3001
3958,5539,3000
3959,5536,2998
3960,5532,2997
3961,5539,3001
3962,5538,3007
3963,5536,3006
3964,5532,3005
3965,5530,3005
3966,5530,3006
3967,5527,3003
3968,5521,3001
3969,5521,3002
3970,5527,3002
3971,5530,2998
3972,5528,3001
3973,5528,2998
3974,5528,2999
3975,5534,3003
3976,5528,3000
3977,5529,2999
3978,5526,3005
3979,5520,3005
3980,5527,3011
3981,5521,3015
3982,5515,3016
3983,5513,3014
3984,5514,3019
3985,5512,3025
3986,5512,3028
3987,5511,3028
3988,5509,3032
3989,5503,3033
3990,5500,3028
3991,5507,3026
3992,5502,3026
3993,5507,3022
3994,5510,3020
3995,5510,3015
3996,5511,3018
3997,5509,3021
3998,5514,3023
3999,5511,3019
4000,5506,3017
4001,5500,3020
4002,5500,3024
4003,5501,3019
4004,5504,3019
4005,5506,3015
4006,5507,3010
4007,5513,3015
4008,5512,3011
4009,5518,3008
4010,5515,3005
4011,5509,3003
4012,5509,2999
4013,5516,3004
4014,5510,3003
4015,5517,3009
4016,5520,3007
4017,5527,3004
4018,5532,3006
4019,5538,3012
4020,5534,3013
4021,5535,3008
4022,5533,3013
4023,5528,3019
4024,5532,3024
4025,5527,3019
4026,5523,3025
4027,5522,3031
4028,5527,3037
4029,5528,3039
4030,5523,3042
4031,5522,3041
4032,5517,3044
4033,5524,3049
4034,5525,3049
4035,5523,3050
4036,5527,3045
4037,5530,3043
4038,5531,3040
4039,5530,3039
4040,5526,3043
4041,5526,3045
4042,5524,3045
4043,5520,3050
4044,5517,3045
4045,5516,3051
4046,5511,3053
4047,5518,3057
4048,5514,3056
4049,5522,3056
4050,5528,3055
4051,5526,3054
4052,5527,3050
4053,5521,3055
4054,5528,3055
4055,5536,3054
4056,5539,3059
4057,5546,3057
4058,5543,3058
4059,5542,3061
4060,5538,3056
4061,5546,3053
4062,5544,3058
4063,5545,3056
4064,5546,3059
4065,5551,3061
4066,5557,3061
4067,5563,3058
4068,5569,3062
4069,5576,3067
4070,5578,3073
4071,5585,3069
4072,5586,3065
4073,5591,3068
4074,5588,3071
4075,5594,3074
4076,5595,3078
4077,5591,3083
4078,5588,3086
4079,5596,3087
4080,5600,3092
4081,5606,3090
4082,5606,3092
4083,5600,3095
4084,5598,3095
4085,5598,3097
4086,5604,3092
4087,5609,3087
4088,5605,3086
4089,5603,3083
4090,5602,3080
4091,5603,3079
4092,5611,3081
4093,5612,3085
4094,5620,3081
4095,5627,3084
4096,5624,3084
4097,5631,3082
4098,5629,3088
4099,5629,3085
4100,5630,3085
4101,5634,3080
4102,5636,3080
4103,5632,3082
4104,5640,3088
4105,5635,3086
4106,5637,3083
4107,5636,3087
4108,5636,3084
4109,5633,3088
4110,5628,3089
4111,5627,3086
4112,5623,3092
4113,5622,3093
4114,5620,3089
4115,5620,3093
4116,5625,3098
4117,5627,3097
4118,5625,3099
4119,5625,3097
4120,5627,3100
4121,5630,3099
4122,5635,3101
4123,5634,3105
4124,5636,3111
4125,5635,3110
4126,5636,3115
4127,5636,3116
4128,5630,3115
4129,5624,3110
4130,5622,3113
4131,5616,3108
4132,5616,3112
4133,5621,3116
4134,5616,3115
4135,5620,3117
4136,5625,3119
4137,5633,3120
4138,5634,3121
4139,5637,3117
4140,5637,3121
4141,5637,3116
4142,5635,3117
4143,5639,3119
4144,5646,3116
4145,5651,3113
4146,5652,3117
4147,5659,3117
4148,5663,3112
4149,5670,3116
4150,5666,3116
4151,5667,3111
4152,5665,3110
4153,5663,3115
4154,5664,3117
4155,5658,3123
4156,5654,3129
4157,5650,3128
4158,5658,3126
4159,5658,3125
4160,5662,3121
4161,5669,3127
4162,5668,3129
4163,5671,3132
4164,5679,3138
4165,5680,3137
4166,5674,3133
4167,5678,3136
4168,5679,3140
4169,5679,3140
4170,5678,3143
4171,5684,3144
4172,5681,3142
4173,5687,3143
4174,5690,3146
4175,5695,3144
4176,5694,3143
4177,5697,3138
4178,5695,3137
4179,5697,3135
4180,5698,3139
4181,5696,3135
4182,5695,3140
4183,5691,3136
4184,5688,3132
4185,5692,3127
4186,5689,3123
4187,5684,3122
4188,5682,3124
4189,5686,3125
4190,5693,3127
4191,5691,3131
4192,5691,3133
4193,5698,3136
4194,5695,3142
4195,5697,3138
4196,5694,3141
4197,5696,3143
4198,5694,3140
4199,5688,3143
4200,5692,3141
4201,5694,3137
4202,5692,3139
4203,5694,3144
4204,5692,3145
4205,5689,3145
4206,5692,3141
4207,5695,3140
4208,5689,3139
4209,5689,3135
4210,5691,3137
4211,5690,3137
4212,5690,3132
4213,5691,3133
4214,5692,3131
4215,5690,3132
4216,5686,3130
4217,5686,3132
4218,5683,3127
4219,5685,3130
4220,5686,3136
4221,5680,3140
4222,5678,3141
4223,5673,3136
4224,5673,3137
4225,5671,3139
4226,5665,3134
4227,5672,3132
4228,5667,3129
4229,5663,3135
4230,5670,3140
4231,5672,3135
4232,5666,3130
4233,5662,3135
4234,5659,3130
4235,5657,3133
4236,5657,3134
4237,5660,3131
4238,5657,3136
4239,5663,3139
4240,5670,3137
4241,5675,3135
4242,5671,3135
4243,5678,3133
4244,5680,3134
4245,5680,3139
4246,5683,3142
4247,5686,3141
4248,5690,3146
4249,5691,3151
4250,5685,3149
4251,5682,3144
4252,5677,3145
4253,5680,3146
4254,5688,3148
4255,5682,3152
4256,5678,3155
4257,5676,3152
4258,5679,3150
4259,5682,3151
4260,5678,3149
4261,5684,3145
4262,5686,3148
4263,5682,3149
4264,5677,3149
4265,5680,3153
4266,5679,3157
4267,5683,3162
4268,5679,3165
4269,5673,3170
4270,5669,3165
4271,5674,3162
4272,5669,3160
4273,5670,3166
4274,5672,3161
4275,5667,3158
4276,5661,3153
4277,5660,3157
4278,5668,3152
4279,5672,3148
4280,5676,3146
4281,5678,3148
4282,5686,3149
4283,5688,3146
4284,5695,3147
4285,5693,3146
4286,5688,3146
4287,5683,3148
4288,5681,3143
4289,5677,3145
4290,5682,3147
4291,5676,3149
4292,5672,3152
4293,5669,3150
4294,5665,3148
4295,5666,3149
4296,5670,3151
4297,5667,3155
4298,5670,3159
4299,5667,3164
4300,5662,3167
4301,5667,3172
4302,5665,3178
4303,5659,3183
4304,5660,3179
4305,5660,3174
4306,5666,3169
4307,5661,3165
4308,5666,3161
4309,5672,3165
4310,5674,3165
4311,5676,3162
4312,5672,3162
4313,5675,3162
4314,5673,3164
4315,5671,3166
4316,5673,3171
4317,5674,3169
4318,5672,3167
4319,5668,3173
4320,5673,3179
4321,5668,3181
4322,5670,3185
4323,5671,3180
4324,5667,3186
4325,5673,3188
4326,5670,3187
4327,5678,3183
4328,5683,3184
4329,5684,3188
4330,5692,3192
4331,5699,3197
4332,5698,3192
4333,5698,3187
4334,5693,3192
4335,5691,3189
4336,5687,3190
4337,5689,3185
4338,5692,3188
4339,5690,3184
4340,5692,3190
4341,5696,3192
4342,5698,3194
4343,5693,3197
4344,5698,3193
4345,5696,3198
4346,5704,3196
4347,5702,3197
4348,5700,3200
4349,5698,3198
4350,5695,3194
4351,5702,3200
4352,5705,3199
4353,5704,3203
4354,5698,3199
4355,5704,3196
4356,5704,3194
4357,5702,3200
4358,5708,3196
4359,5710,3191
4360,5709,3194
4361,5709,3190
4362,5703,3196
4363,5699,3199
4364,5707,3199
4365,5713,3202
4366,5721,3199
4367,5723,3195
4368,5722,3195
4369,5719,3192
4370,5715,3191
4371,5718,3191
4372,5716,3196
4373,5710,3191
4374,5712,3196
4375,5708,3196
4376,5707,3196
4377,5709,3200
4378,5709,3201
4379,5706,3201
4380,5711,3205
4381,5712,3204
4382,5716,3199
4383,5714,3200
4384,5711,3199
4385,5708,3200
4386,5715,3205
4387,5714,3203
4388,5713,3207
4389,5716,3207
4390,5712,3202
4391,5717,3197
4392,5716,3196
4393,5722,3201
4394,5716,3207
4395,5711,3210
4396,5708,3215
4397,5709,3214
4398,5713,3212
4399,5715,3207
4400,5722,3208
4401,5727,3210
4402,5727,3216
4403,5734,3217
4404,5732,3222
4405,5730,3226
4406,5728,3228
4407,5732,3223
4408,5729,3221
4409,5735,3224
4410,5730,3223
4411,5736,3227
4412,5744,3230
4413,5745,3226
4414,5749,3230
4415,5748,3231
4416,5745,3228
4417,5745,3232
4418,5745,3234
4419,5750,3236
4420,5757,3231
4421,5762,3235
4422,5756,3234
4423,5758,3240
4424,5752,3246
4425,5757,3252
4426,5756,3251
4427,5756,3246
4428,5754,3243
4429,5748,3240
4430,5754,3242
4431,5753,3241
4432,5747,3242
4433,5747,3243
4434,5747,3239
4435,5746,3242
4436,5742,3238
4437,5746,3243
4438,5740,3249
4439,5736,3254
4440,5738,3256
4441,5733,3252
4442,5729,3248
4443,5729,3248
4444,5737,3243
4445,5734,3240
4446,5741,3239
4447,5747,3242
